surname,forename,gender,title,customer_id
Tasker,Vincent ,M,Mr,516
Petch,Emilio ,M,Mr,519
Manozca,Fernando,M,Mr,520
Liftin,Roxie ,F,Ms,523
Ennals,Samir ,M,Mr,528
Listen,Josh ,M,Mr,540
Buege,Chelsea ,F,Mrs,566
Wice,Kornelia ,F,Mrs,571
Cava,Shae ,M,Mr,577
Valent,Aron ,M,Mr,593
Rengel,Tori ,F,Mrs,601
Onaga,Mike,M,Mr,101
Amspaugh,Edgar ,M,Mr,102
Gonez,Freddie ,M,Mr,621
Tjaden,Dillon,M,Mr,110
Friedenberg,Troy ,M,Mr,627
Curtsinger,Naima ,F,Miss,631
Huor,Rowan ,F,Mrs,122
Edith,Rafferty ,M,Mr,636
Gorzynski,Fatima ,F,Mrs,128
Lavongsar,Reagan ,M,Mr,643
Dunham,Lamar,M,Mr,135
Devazier,Gladys,F,Miss,652
Amaker,Lyndon,M,Mr,141
Hermez,Hubert,M,Mr,147
Crisalli,Emanuel,M,Mr,664
Billigmeier,Zachery ,M,Mr,152
Soundara,Lily-Rose ,F,Ms,673
Younger,Gregg,M,Mr,163
Wimes,Danny,M,Mr,167
Capaccino,Shania ,F,Mrs,686
Strothers,Blake,M,Mr,687
Brakefield,Mikey ,M,Mr,690
Modica,Edith ,F,Miss,183
Trivitt,Bobbie,F,Miss,698
Stancoven,Marissa ,F,Miss,699
Epps,Hamzah ,M,Mr,700
Sciandra,Faye ,F,Mrs,704
Jinwright,Sally,F,Mrs,725
Stoppel,Edna ,F,Mrs,740
Dollahite,Lucca ,M,Mr,744
Topolski,Laith ,M,Mr,751
Oksen,Brandon,M,Mr,756
Getty,Mary,M,Mr,244
Henchel,Aleksander ,M,Mr,761
Obradovich,Jaydon ,M,Mr,262
Keay,Maia ,F,Mrs,268
Fillingim,Britney,F,Miss,784
Topps,Milan,M,Mr,274
Ikuta,Ayan ,M,Mr,787
Denike,Cyrus ,M,Mr,279
Nostrand,Alfie-Lee ,M,Mr,793
Varona,Clayton,M,Mr,284
Ratsep,Scott ,M,Mr,798
Pollina,Axel ,M,Mr,801
Clairmont,Monroe,M,Mr,802
Lola,Aden ,M,Mr,805
Khlok,Karam ,M,Mr,806
Soto,Mikail ,M,Mr,294
Driesbach,Gareth ,M,Mr,297
Lindzy,Ava-Grace ,F,Miss,812
Khounthavong,Rory ,M,Mr,816
Pharris,Rhiannon ,F,Mrs,307
Pesantes,Mateusz ,M,Mr,312
Wiedyk,Seb ,M,Mr,316
Breshears,Clemente,M,Mr,840
Strang,Darnell,M,Mr,338
Sengun,Hayley ,F,Mrs,855
Ritzie,Bobbie ,M,Mr,856
Hieronymus,Umar ,M,Mr,347
Trueheart,Tymon ,M,Mr,353
Raderstorf,Jewell,F,Mrs,354
Worm,Andy ,M,Mr,366
Oyola,Mathilda ,F,Mrs,880
Aliment,Skyla ,F,Miss,370
Tufts,Mariano,M,Mr,372
Fritzinger,Arron ,M,Mr,374
Inniss,Fleur ,F,Miss,893
Edmison,Georgie ,M,Mr,896
Brackens,Zakaria ,M,Mr,390
Offerman,Romeo ,M,Mr,402
Brehm,Beau ,M,Mr,922
Winson,Emma,F,Ms,929
Brockmeyer,Sunny ,M,Mr,932
Harcar,Leroy,M,Mr,935
Yearout,Kaine ,M,Mr,936
Anne,Irene ,F,Miss,429
Hauskins,Rylan ,M,Mr,944
Barrero,Parker,M,Mr,966
Evjen,Lewis ,M,Mr,967
Soltani,Rodrigo ,M,Mr,457
Else,Johnson,M,Mr,459
Tibbitts,Darius ,M,Mr,979
Chasteen,Nataniel ,M,Mr,474
Bonaguidi,April,F,Miss,995
Chander,Dhruv ,M,Mr,998
Tiano,Clyde,M,Mr,491
Balich,Jesus,M,Mr,495
Grode,Arthur ,M,Mr,504
Cedano,Taha ,M,Mr,507
