age,alone,embarked,fare,pclass,sex,sibsp,survived,embark_town,deck
26.425,False,S,14.069,3,female,1,0,Southampton,E
2.461,False,S,39.146,3,male,4,0,Southampton,G
20.221,True,C,8.196,3,male,0,0,Cherbourg,G
22.856,False,S,15.905,3,female,2,1,Southampton,F
31.171,True,C,31.93,1,male,0,0,Cherbourg,B
21.602,True,S,7.452,3,male,8,0,Southampton,F
22.238,True,S,10.37,3,male,0,1,Southampton,F
56.939,True,C,217.898,1,male,1,0,Cherbourg,E
51.169,True,S,7.017,3,male,0,0,Southampton,F
28.314,True,S,7.025,3,male,0,0,Southampton,G
36.47,True,C,6.601,3,male,1,0,Cherbourg,E
15.272,True,S,9.011,3,male,0,0,Southampton,F
16.27,True,C,103.626,1,male,0,1,Cherbourg,D
41.998,False,S,25.69,2,male,0,0,Southampton,D
16.23,True,S,6.042,3,male,0,0,Southampton,G
11.184,True,S,39.249,3,male,1,0,Southampton,F
26.728,True,S,9.382,3,male,1,1,Southampton,E
36.042,True,C,219.847,1,female,1,1,Cherbourg,C
43.887,False,Q,22.224,3,male,0,0,Queenstown,G
48.767,True,,238.68,1,female,0,1,,D
36.768,True,,0.379,3,male,0,0,,F
61.767,True,S,26.275,1,male,0,0,Southampton,C
28.386,True,C,77.558,1,male,0,1,Cherbourg,D
33.914,False,S,10.73,2,male,0,0,Southampton,F
20.957,False,S,7.315,3,male,1,0,Southampton,F
27.772,False,S,26.345,1,male,0,0,Southampton,C
61.685,True,,10.5,2,male,0,1,,E
57.855,True,,10.5,2,female,0,0,,D
56.805,True,C,77.016,1,male,0,1,Cherbourg,D
45.942,True,,26.556,1,female,0,1,,B
18.271,False,,33.654,1,male,0,0,,C
21.155,False,Q,7.466,3,male,0,0,Queenstown,G
1.088,False,S,8.459,3,male,0,0,Southampton,G
2.346,False,C,9.436,3,male,5,0,Cherbourg,E
21.96,True,C,7.395,3,male,0,0,Cherbourg,F
21.526,True,S,7.342,3,male,1,0,Southampton,G
16.963,False,S,9.277,3,male,0,0,Southampton,E
59.191,True,,26.566,1,female,0,1,,C
22.893,True,S,62.516,2,female,1,1,Southampton,E
26.966,True,S,7.06,3,male,0,0,Southampton,G
41.31,False,S,44.966,3,female,0,0,Southampton,G
27.606,True,S,7.026,3,male,0,0,Southampton,F
36.344,True,S,73.188,1,female,0,1,Southampton,C
30.076,True,S,6.551,3,male,0,0,Southampton,F
51.545,False,S,26.93,1,male,0,0,Southampton,B
26.003,True,Q,7.013,3,male,0,1,Queenstown,G
5.961,False,S,28.457,3,female,2,0,Southampton,F
28.342,False,S,65.561,1,male,0,1,Southampton,D
26.797,False,S,12.154,2,male,0,0,Southampton,F
2.956,False,C,19.113,3,female,1,0,Cherbourg,E
19.295,True,Q,6.921,3,female,0,1,Queenstown,G
41.823,False,Q,6.468,3,male,0,0,Queenstown,F
26.449,False,S,148.048,1,female,1,0,Southampton,A
21.395,True,Q,7.332,3,male,0,0,Queenstown,E
18.293,True,C,15.907,3,male,0,1,Cherbourg,G
39.19,False,C,108.934,1,female,1,1,Cherbourg,B
25.512,True,C,14.186,2,female,1,1,Cherbourg,D
34.027,True,C,6.455,3,male,0,0,Cherbourg,E
41.434,False,S,15.923,3,male,0,0,Southampton,F
57.147,True,S,12.374,2,male,0,0,Southampton,F
26.37,True,S,7.296,3,male,1,0,Southampton,E
23.361,False,C,61.055,1,female,0,1,Cherbourg,A
8.063,False,Q,28.874,3,male,5,0,Queenstown,G
21.765,False,S,13.067,2,female,0,0,Southampton,D
30.882,False,C,13.736,2,male,0,0,Cherbourg,F
18.637,True,S,10.092,3,female,0,1,Southampton,G
46.828,True,S,25.352,2,male,1,0,Southampton,F
58.348,False,C,146.492,1,female,0,1,Cherbourg,A
25.189,True,S,10.767,3,female,0,1,Southampton,F
56.186,False,C,27.009,1,male,1,1,Cherbourg,B
26.308,True,S,7.074,3,male,0,0,Southampton,F
22.08,False,S,148.283,1,female,0,1,Southampton,C
2.204,False,C,13.011,3,female,2,1,Cherbourg,F
31.426,False,Q,12.186,2,female,0,1,Queenstown,F
3.846,False,,15.656,2,male,0,1,,F
31.139,False,S,23.9,3,male,0,0,Southampton,E
2.159,False,S,30.77,3,female,1,0,Southampton,G
22.971,False,C,60.481,1,female,0,1,Cherbourg,D
17.054,False,,0.546,2,male,1,0,,F
38.007,False,S,9.304,3,male,0,0,Southampton,F
18.896,False,S,17.917,3,female,0,1,Southampton,E
29.572,True,S,7.485,3,male,1,0,Southampton,G
30.74,False,C,15.161,3,female,0,1,Cherbourg,G
29.791,True,C,76.13,1,female,0,1,Cherbourg,B
31.046,True,S,6.518,3,male,0,0,Southampton,E
22.098,True,C,103.405,1,female,0,1,Cherbourg,A
31.831,True,S,13.986,3,male,0,0,Southampton,G
21.735,True,S,7.87,3,male,0,0,Southampton,E
50.96,True,S,25.425,2,male,1,0,Southampton,F
41.133,True,S,9.505,3,male,0,1,Southampton,G
23.747,True,S,7.404,3,male,2,0,Southampton,G
24.68,False,S,25.895,2,female,0,1,Southampton,D
16.428,False,C,11.272,3,female,1,0,Cherbourg,E
49.021,False,S,72.653,1,female,1,0,Southampton,C
33.982,True,S,6.525,3,male,1,0,Southampton,G
14.333,False,C,12.439,2,female,0,1,Cherbourg,F
33.652,False,S,66.562,3,female,1,0,Southampton,E
32.043,True,S,6.495,3,male,0,0,Southampton,G
29.225,False,Q,15.79,3,female,0,0,Queenstown,G
22.687,True,S,155.911,1,female,1,1,Southampton,D
31.422,True,S,6.55,3,male,1,0,Southampton,G
21.596,False,S,7.397,3,male,0,0,Southampton,F
37.056,True,Q,14.491,3,male,1,0,Queenstown,E
50.042,True,C,73.739,1,female,1,1,Cherbourg,B
16.515,False,S,255.201,1,male,0,1,Southampton,B
28.534,True,S,21.972,3,male,0,0,Southampton,E
30.447,False,S,8.257,3,female,1,1,Southampton,F
4.486,False,,23.249,2,female,4,1,,D
52.345,True,S,7.913,3,male,0,0,Southampton,G
55.661,False,C,26.71,1,male,0,1,Cherbourg,B
46.187,False,S,26.282,2,female,8,1,Southampton,F
41.373,True,S,6.524,3,male,0,1,Southampton,G
16.47,False,S,5.987,3,male,0,0,Southampton,F
29.396,True,Q,23.367,3,female,0,0,Queenstown,G
53.111,True,S,53.061,1,male,1,0,Southampton,B
10.259,True,C,11.227,3,male,0,0,Cherbourg,G
24.805,False,S,7.782,3,female,1,0,Southampton,F
15.954,False,S,5.98,3,male,0,0,Southampton,F
40.034,True,,1.333,2,male,0,0,,F
36.633,False,C,6.588,3,male,0,0,Cherbourg,E
61.435,False,,78.059,1,female,1,1,,D
18.903,True,S,17.828,3,female,1,1,Southampton,E
40.453,True,S,6.555,3,male,0,0,Southampton,F
36.136,False,S,26.903,2,male,0,0,Southampton,E
26.198,True,S,7.076,3,male,1,0,Southampton,F
62.892,True,S,26.387,1,male,0,0,Southampton,E
28.06,True,S,88.913,1,female,0,1,Southampton,C
57.317,False,S,12.387,2,male,0,0,Southampton,F
42.259,False,S,209.29,1,female,0,1,Southampton,C
26.341,True,S,10.478,2,male,1,0,Southampton,F
36.118,True,S,30.447,1,male,0,1,Southampton,C
31.436,True,S,10.604,2,male,0,0,Southampton,E
21.092,True,S,7.426,3,male,1,0,Southampton,F
41.253,True,S,6.478,3,male,1,0,Southampton,G
37.434,False,S,31.334,3,female,1,0,Southampton,G
42.112,True,S,44.969,3,female,0,0,Southampton,F
48.152,False,S,55.842,1,male,1,0,Southampton,C
41.183,True,S,6.918,3,male,0,0,Southampton,G
31.318,True,S,10.655,2,male,0,0,Southampton,E
21.201,True,C,72.666,1,male,1,1,Cherbourg,C
1.704,False,S,20.185,3,male,0,0,Southampton,F
3.71,False,S,21.061,3,female,1,1,Southampton,E
52.413,True,S,27.778,1,male,0,0,Southampton,D
33.564,True,S,21.219,2,female,0,1,Southampton,D
50.193,False,,239.041,1,female,0,1,,E
51.496,False,S,78.73,1,male,0,0,Southampton,D
16.535,True,S,6.128,3,male,0,1,Southampton,E
49.549,False,,11.255,2,female,1,1,,F
61.633,True,,9.592,3,female,0,1,,G
50.996,False,C,62.739,1,male,0,1,Cherbourg,C
1.034,False,C,8.766,3,male,1,1,Cherbourg,F
43.85,True,S,13.467,2,male,0,0,Southampton,F
37.567,False,,13.031,2,female,1,0,,F
20.968,False,C,41.11,2,male,0,0,Cherbourg,F
16.618,True,,37.188,2,male,0,0,,E
21.648,True,S,7.471,3,male,0,0,Southampton,F
50.689,True,S,25.333,2,male,0,0,Southampton,F
27.849,True,C,13.317,3,male,2,0,Cherbourg,F
26.026,False,S,53.112,1,female,0,0,Southampton,C
11.049,False,,7.257,3,female,0,0,,G
36.271,False,S,79.366,1,male,1,1,Southampton,A
61.599,False,C,61.679,1,male,0,0,Cherbourg,C
16.895,False,S,117.083,1,female,0,1,Southampton,C
13.899,True,,43.51,1,female,0,1,,C
47.169,False,S,28.462,1,male,1,0,Southampton,C
54.647,False,C,7.231,3,female,2,1,Cherbourg,F
35.481,False,S,77.213,1,female,1,1,Southampton,B
45.305,False,S,27.362,3,female,8,0,Southampton,G
31.56,True,S,6.48,3,male,0,0,Southampton,F
16.076,True,C,3.218,3,male,1,0,Cherbourg,F
1.464,False,C,19.294,3,female,0,1,Cherbourg,F
37.489,True,Q,7.244,3,female,1,0,Queenstown,E
45.979,True,S,21.118,1,male,0,0,Southampton,C
51.292,True,S,29.08,1,male,0,0,Southampton,A
41.76,True,S,6.458,3,male,1,0,Southampton,G
26.16,True,S,12.268,2,male,1,0,Southampton,D
62.353,True,S,26.529,1,male,0,0,Southampton,E
21.791,False,S,7.387,3,male,0,0,Southampton,F
53.271,True,C,7.242,3,female,1,1,Cherbourg,F
51.304,True,S,7.403,3,male,0,0,Southampton,G
40.822,False,S,25.969,2,female,0,1,Southampton,D
20.943,True,S,59.515,1,male,1,0,Southampton,C
22.239,False,S,51.397,1,female,0,1,Southampton,C
16.732,True,S,5.995,3,male,0,0,Southampton,E
32.065,False,Q,6.549,3,male,0,0,Queenstown,G
2.048,False,S,11.973,3,female,1,1,Southampton,F
21.296,True,S,7.47,3,male,0,0,Southampton,G
26.775,True,S,7.74,3,male,0,0,Southampton,F
36.41,False,,2.056,1,male,1,1,,C
26.155,True,S,7.378,3,male,0,0,Southampton,E
35.049,True,,6.417,1,male,0,1,,C
17.231,False,Q,6.086,3,male,0,1,Queenstown,G
15.731,True,S,20.052,3,male,0,0,Southampton,E
17.656,False,S,5.915,3,male,0,1,Southampton,F
41.281,True,Q,12.824,3,male,2,0,Queenstown,E
22.818,False,C,49.781,1,female,0,1,Cherbourg,C
46.058,True,S,26.346,2,female,1,1,Southampton,E
16.667,True,S,14.461,3,male,0,0,Southampton,E
51.552,True,S,27.077,1,male,0,0,Southampton,A
22.309,True,S,15.457,3,female,3,0,Southampton,G
11.88,False,S,7.802,3,male,1,0,Southampton,F
33.898,True,S,13.482,2,female,0,1,Southampton,F
56.586,True,C,111.352,1,male,0,0,Cherbourg,B
25.982,False,C,23.698,2,female,0,1,Cherbourg,F
45.729,False,S,27.586,3,female,8,0,Southampton,F
46.509,True,,13.015,2,male,0,0,,E
32.109,True,S,26.051,2,female,3,1,Southampton,F
20.741,True,S,7.446,3,male,0,1,Southampton,F
23.416,False,S,7.669,3,female,0,0,Southampton,F
42.165,True,S,6.474,3,male,0,0,Southampton,E
30.153,True,S,6.445,3,male,0,0,Southampton,E
23.197,True,,236.623,1,male,0,1,,C
59.059,True,S,7.222,3,male,0,0,Southampton,E
56.411,True,S,7.262,3,male,0,0,Southampton,G
21.337,False,S,7.466,3,male,0,0,Southampton,F
37.07,True,Q,14.516,3,male,0,0,Queenstown,F
26.971,False,S,31.925,2,male,0,0,Southampton,F
37.605,False,C,220.503,1,female,1,1,Cherbourg,B
26.431,True,C,7.122,3,male,1,0,Cherbourg,G
23.008,True,S,7.332,3,male,0,0,Southampton,E
49.286,False,S,25.234,2,female,1,1,Southampton,D
41.431,False,S,46.899,3,female,0,0,Southampton,F
13.244,True,S,7.824,3,male,0,0,Southampton,F
42.581,False,Q,22.3,3,male,1,0,Queenstown,F
31.993,True,S,6.849,3,male,1,0,Southampton,F
18.237,True,S,8.469,3,male,0,0,Southampton,F
26.76,True,Q,7.035,3,male,0,1,Queenstown,E
22.044,True,S,10.093,3,female,1,0,Southampton,E
22.524,True,C,7.343,3,male,0,0,Cherbourg,G
16.95,False,Q,6.041,3,male,0,0,Queenstown,G
13.204,True,S,57.673,1,female,0,1,Southampton,B
22.653,True,Q,7.252,3,female,0,0,Queenstown,G
30.068,True,S,7.193,3,male,0,0,Southampton,G
2.975,False,S,27.303,3,female,0,1,Southampton,G
55.28,True,C,77.066,1,male,0,0,Cherbourg,E
17.16,True,S,5.982,3,male,1,0,Southampton,G
34.167,True,S,26.553,2,female,0,1,Southampton,F
41.337,True,S,39.11,3,female,1,0,Southampton,E
22.826,True,Q,7.321,3,female,0,0,Queenstown,G
28.173,False,S,7.096,3,male,0,0,Southampton,G
29.542,True,S,20.851,2,female,0,1,Southampton,E
6.359,False,Q,28.381,3,male,4,0,Queenstown,G
22.06,True,S,50.451,1,female,0,1,Southampton,E
37.464,True,S,23.773,3,male,0,0,Southampton,G
41.555,True,C,132.712,1,female,0,1,Cherbourg,C
27.021,True,S,7.389,3,male,0,0,Southampton,F
26.328,True,C,75.153,1,male,0,1,Cherbourg,A
23.608,True,S,25.171,3,female,0,1,Southampton,F
14.961,False,,40.28,1,female,0,1,,B
36.173,True,S,7.746,3,male,1,0,Southampton,F
31.597,True,C,14.048,3,male,0,1,Cherbourg,E
22.997,True,S,7.38,3,male,0,0,Southampton,G
32.32,False,S,6.848,3,male,0,0,Southampton,E
21.86,True,Q,7.32,3,male,0,0,Queenstown,F
14.851,True,S,7.242,3,female,0,1,Southampton,E
41.856,True,S,12.787,3,male,0,0,Southampton,F
31.405,True,S,6.499,3,male,0,0,Southampton,E
37.034,False,Q,6.719,3,male,0,0,Queenstown,E
11.578,False,S,8.9,3,male,1,0,Southampton,F
45.719,True,C,14.972,3,female,0,0,Cherbourg,G
26.466,False,S,7.602,3,male,8,0,Southampton,E
22.569,True,S,7.791,3,male,0,1,Southampton,G
38.877,True,C,141.685,1,female,1,1,Cherbourg,C
36.625,True,Q,14.39,3,male,0,0,Queenstown,F
36.79,True,Q,6.967,3,male,0,0,Queenstown,G
34.25,False,C,78.562,1,female,0,1,Cherbourg,B
16.63,True,S,6.462,3,male,0,0,Southampton,E
18.372,False,S,83.808,1,female,0,1,Southampton,C
22.483,False,S,60.093,1,female,0,1,Southampton,B
19.887,False,S,33.005,3,female,0,1,Southampton,E
29.131,False,S,20.893,2,female,1,1,Southampton,F
37.913,False,S,77.092,1,male,0,0,Southampton,C
39.091,False,S,31.373,3,female,0,0,Southampton,E
26.252,True,S,7.062,3,male,0,0,Southampton,F
24.328,False,S,7.37,3,male,2,0,Southampton,F
3.228,False,S,27.362,3,male,1,1,Southampton,F
21.516,False,S,7.473,3,male,1,0,Southampton,F
7.071,False,S,31.023,3,male,0,0,Southampton,F
46.11,False,S,47.278,1,female,1,1,Southampton,C
65.996,False,,71.0,1,male,0,0,,B
28.334,False,Q,15.501,3,female,1,0,Queenstown,E
41.106,False,S,33.986,1,male,0,0,Southampton,C
33.907,True,S,20.863,2,male,0,0,Southampton,F
6.461,False,S,21.777,3,female,2,0,Southampton,E
16.706,True,S,8.787,3,male,0,0,Southampton,G
31.59,False,C,13.703,2,male,0,0,Cherbourg,F
50.816,True,S,13.85,2,male,1,0,Southampton,F
25.966,True,S,7.664,3,male,0,0,Southampton,E
23.461,False,S,145.613,1,female,3,1,Southampton,A
20.279,True,S,9.519,3,female,2,0,Southampton,G
21.923,True,Q,7.409,3,male,0,1,Queenstown,E
8.244,False,S,46.012,3,male,5,0,Southampton,E
29.311,True,Q,15.511,3,female,0,1,Queenstown,G
7.194,False,Q,28.734,3,male,5,0,Queenstown,F
38.471,True,S,8.198,3,male,0,0,Southampton,F
23.129,True,S,7.329,3,male,0,0,Southampton,G
17.517,True,S,39.866,3,male,0,0,Southampton,F
42.426,True,S,26.992,2,male,1,0,Southampton,E
36.558,True,S,26.016,2,male,0,0,Southampton,F
24.68,True,C,28.065,1,male,0,0,Cherbourg,E
26.942,True,S,7.052,3,male,1,0,Southampton,G
15.876,False,Q,6.619,3,male,0,0,Queenstown,E
33.978,True,S,73.401,2,male,1,0,Southampton,F
30.305,False,S,8.975,3,female,0,0,Southampton,G
4.468,False,S,10.535,3,female,0,1,Southampton,F
37.24,True,,25.387,1,male,1,0,,B
21.43,True,C,7.356,3,male,0,0,Cherbourg,F
22.281,True,S,7.79,3,male,1,0,Southampton,F
20.083,True,S,7.433,3,male,0,0,Southampton,F
0.302,False,S,38.941,2,male,4,1,Southampton,F
14.789,True,Q,7.226,3,female,0,0,Queenstown,E
46.57,False,S,61.27,1,male,0,0,Southampton,B
17.145,True,S,70.28,2,male,0,0,Southampton,D
37.66,True,S,7.751,3,male,1,0,Southampton,F
21.025,True,S,7.435,3,male,0,0,Southampton,E
42.522,False,S,6.489,3,male,0,0,Southampton,G
37.059,False,C,64.594,1,female,1,1,Cherbourg,C
47.195,True,,8.122,3,female,1,0,,G
29.323,False,S,8.146,3,female,1,1,Southampton,G
32.67,True,S,6.547,3,male,1,0,Southampton,G
26.371,True,S,53.949,3,male,0,1,Southampton,F
1.231,False,Q,27.526,3,male,3,0,Queenstown,G
47.337,True,S,128.283,1,male,0,0,Southampton,C
1.703,False,S,32.255,3,male,4,0,Southampton,E
27.164,True,C,6.985,3,male,0,0,Cherbourg,G
33.748,True,C,35.855,2,male,1,0,Cherbourg,E
26.854,False,S,7.044,3,male,0,0,Southampton,F
2.733,False,S,11.661,3,male,4,0,Southampton,F
21.642,False,C,13.32,2,female,0,1,Cherbourg,E
29.115,False,Q,23.455,3,female,0,0,Queenstown,E
62.298,True,,33.0,2,female,0,1,,E
25.983,True,S,9.434,3,male,0,1,Southampton,E
32.801,False,,11.001,2,female,1,1,,E
51.092,True,S,7.451,3,male,0,0,Southampton,G
32.236,True,S,6.529,3,male,0,0,Southampton,F
55.315,True,Q,15.107,3,female,1,1,Queenstown,E
41.872,False,S,19.572,3,female,1,0,Southampton,F
32.288,True,S,6.482,3,male,0,0,Southampton,G
2.189,False,S,30.87,3,female,1,1,Southampton,F
33.713,False,S,7.35,3,male,1,0,Southampton,E
25.553,False,S,8.038,3,female,1,1,Southampton,F
22.429,True,S,17.864,3,male,0,0,Southampton,E
54.033,False,C,7.62,3,female,0,1,Cherbourg,G
26.177,False,S,7.845,3,female,1,1,Southampton,G
14.893,True,Q,7.577,3,female,0,0,Queenstown,E
25.249,True,S,7.999,3,female,0,1,Southampton,F
27.473,True,S,7.398,3,male,0,0,Southampton,E
23.02,False,Q,7.265,3,female,0,1,Queenstown,F
14.583,False,Q,7.572,3,female,0,1,Queenstown,G
27.006,True,S,66.521,3,male,0,1,Southampton,F
37.35,False,C,227.148,1,female,0,1,Cherbourg,E
22.53,False,S,18.27,2,female,0,1,Southampton,F
61.19,True,,78.056,1,female,0,1,,C
41.394,True,S,27.578,1,male,0,0,Southampton,B
58.154,False,C,146.804,1,female,0,1,Cherbourg,C
22.073,True,C,13.084,2,female,0,1,Cherbourg,F
25.049,True,S,11.05,3,female,0,1,Southampton,G
36.724,True,,1.843,1,male,0,1,,A
48.94,True,S,8.047,3,male,0,0,Southampton,F
28.447,True,S,21.501,3,female,0,0,Southampton,G
36.828,True,S,8.242,3,male,0,0,Southampton,F
31.792,True,S,20.007,2,male,1,0,Southampton,D
33.322,True,S,32.183,2,female,0,1,Southampton,E
31.043,False,S,10.59,2,male,0,1,Southampton,F
26.013,True,S,220.95,1,male,0,0,Southampton,E
23.32,True,S,56.067,3,male,0,0,Southampton,F
30.19,False,S,161.331,1,female,1,1,Southampton,D
71.804,True,,7.75,3,male,0,0,,G
10.428,False,,30.102,3,female,0,0,,F
26.036,True,S,7.038,3,male,1,0,Southampton,F
16.353,True,S,6.064,3,male,0,0,Southampton,G
53.588,True,Q,7.44,3,male,0,0,Queenstown,E
27.809,True,S,46.624,1,male,1,0,Southampton,C
25.261,True,S,7.085,3,male,0,0,Southampton,G
25.608,False,Q,8.59,3,female,1,1,Queenstown,F
36.141,False,,56.412,1,female,1,1,,D
30.194,True,S,23.756,2,male,1,0,Southampton,F
31.252,True,S,10.502,2,male,1,0,Southampton,D
26.012,True,Q,7.079,3,male,0,0,Queenstown,G
17.351,True,S,6.163,3,male,0,0,Southampton,E
31.887,True,C,31.305,1,male,1,1,Cherbourg,A
32.067,True,S,20.825,3,female,1,1,Southampton,F
51.543,False,S,29.101,1,male,0,1,Southampton,D
29.671,True,S,12.172,2,male,0,0,Southampton,F
28.088,False,C,13.245,3,male,0,1,Cherbourg,F
17.481,True,S,6.071,3,male,0,0,Southampton,E
41.05,True,C,129.185,1,female,1,1,Cherbourg,C
21.23,False,S,13.103,2,female,2,1,Southampton,D
29.843,True,S,8.58,3,female,3,1,Southampton,F
26.33,True,S,7.112,3,male,0,0,Southampton,F
40.01,True,S,51.85,1,male,0,0,Southampton,E
56.359,True,S,7.891,3,male,0,0,Southampton,F
21.582,True,C,7.463,3,male,0,0,Cherbourg,F
21.859,True,S,11.717,2,male,0,0,Southampton,D
48.964,True,S,7.637,3,male,1,0,Southampton,F
22.704,True,S,7.378,3,male,0,0,Southampton,F
48.21,True,,10.517,2,female,1,1,,D
18.08,False,C,14.272,3,female,0,0,Cherbourg,G
21.929,True,S,28.613,2,female,3,0,Southampton,E
31.0,True,Q,6.839,3,male,0,1,Queenstown,E
22.534,True,S,7.333,3,male,2,0,Southampton,E
22.004,False,S,51.251,1,male,0,0,Southampton,C
13.795,True,C,13.207,3,female,0,1,Cherbourg,G
16.39,True,C,5.966,3,male,0,0,Cherbourg,G
35.965,False,S,54.842,1,male,1,0,Southampton,B
14.161,False,C,12.446,2,female,0,1,Cherbourg,F
53.054,True,S,29.412,1,male,0,0,Southampton,E
55.971,True,C,26.722,1,male,0,0,Cherbourg,C
27.586,True,S,9.46,3,male,1,0,Southampton,F
37.253,False,S,9.363,3,male,1,0,Southampton,E
26.329,False,C,78.243,1,female,0,1,Cherbourg,C
22.184,False,C,13.083,2,female,0,0,Cherbourg,D
25.967,True,S,7.124,3,male,0,1,Southampton,G
32.628,True,Q,24.041,3,male,0,0,Queenstown,F
7.027,False,Q,28.109,3,male,4,1,Queenstown,F
17.943,True,S,8.884,3,male,0,1,Southampton,G
36.829,True,C,27.057,1,male,0,0,Cherbourg,B
49.716,True,S,25.231,2,female,0,1,Southampton,D
18.804,False,S,34.3,3,male,0,0,Southampton,E
6.785,False,Q,28.761,3,male,0,0,Queenstown,F
16.998,True,Q,5.95,3,male,0,0,Queenstown,G
33.75,False,Q,14.563,3,female,1,0,Queenstown,G
22.889,True,S,13.278,2,female,1,0,Southampton,F
20.199,True,S,7.802,3,male,0,0,Southampton,G
36.299,True,S,8.558,3,male,0,0,Southampton,F
16.941,True,C,111.142,1,male,0,0,Cherbourg,E
26.907,False,C,75.135,1,male,0,1,Cherbourg,C
52.302,True,S,26.49,1,male,0,0,Southampton,D
21.991,True,S,7.255,3,female,2,0,Southampton,E
56.286,True,C,76.831,1,male,0,0,Cherbourg,B
34.91,True,S,10.551,2,male,0,0,Southampton,E
26.612,True,Q,7.093,3,male,0,0,Queenstown,E
62.056,False,S,251.292,1,male,0,0,Southampton,C
57.566,True,,26.645,1,female,0,1,,B
20.101,True,S,11.074,2,male,0,0,Southampton,F
2.382,False,S,38.014,2,male,1,1,Southampton,F
23.39,True,S,24.583,3,female,0,0,Southampton,E
22.589,False,S,54.454,1,female,0,1,Southampton,B
18.988,False,S,28.855,1,female,2,1,Southampton,C
19.323,True,S,29.065,1,female,0,1,Southampton,C
31.874,False,C,37.07,2,male,0,0,Cherbourg,D
20.518,True,,0.715,2,male,0,0,,D
57.91,True,C,109.953,1,male,0,1,Cherbourg,D
35.52,False,S,22.713,2,female,1,1,Southampton,D
24.31,True,Q,8.629,3,female,1,0,Queenstown,F
36.381,False,S,8.174,3,male,0,0,Southampton,E
53.315,True,S,79.555,1,male,0,0,Southampton,C
22.607,True,S,24.566,3,female,0,0,Southampton,F
22.089,True,C,26.66,1,male,0,0,Cherbourg,E
25.929,False,,11.249,2,female,0,1,,E
26.985,False,C,7.0,3,male,0,0,Cherbourg,F
36.685,True,Q,14.489,3,male,0,0,Queenstown,F
17.016,True,S,11.176,2,male,0,0,Southampton,F
37.89,True,C,227.47,1,female,1,1,Cherbourg,E
15.035,True,S,5.941,3,male,0,1,Southampton,F
34.068,True,S,55.154,1,female,0,1,Southampton,B
16.646,True,S,5.957,3,male,0,0,Southampton,G
21.516,True,S,7.375,3,male,0,0,Southampton,G
16.599,True,S,5.984,3,male,0,0,Southampton,F
29.276,False,S,8.611,3,female,1,0,Southampton,F
21.669,False,S,7.311,3,male,0,0,Southampton,F
34.759,False,S,20.145,3,female,1,0,Southampton,G
16.901,True,S,5.957,3,male,0,0,Southampton,F
16.296,True,S,8.755,3,male,0,0,Southampton,F
22.294,True,S,7.324,3,male,0,0,Southampton,E
2.235,True,S,10.395,3,male,1,1,Southampton,F
21.846,True,S,7.779,3,male,0,0,Southampton,F
23.365,True,S,21.301,3,male,0,0,Southampton,F
37.335,True,S,27.67,1,male,0,1,Southampton,C
16.84,True,S,6.069,3,male,0,0,Southampton,F
36.272,True,S,31.332,3,female,0,1,Southampton,G
20.871,True,S,8.119,3,male,0,0,Southampton,E
17.952,True,C,3.195,3,male,0,0,Cherbourg,E
72.171,True,,49.473,1,male,0,0,,B
42.969,True,S,7.394,3,male,0,0,Southampton,G
8.801,False,S,26.731,3,male,3,0,Southampton,G
54.026,True,S,13.173,2,male,0,0,Southampton,D
2.895,False,C,19.864,3,female,1,1,Cherbourg,F
47.689,True,C,7.57,3,male,0,0,Cherbourg,F
31.044,True,S,6.48,3,male,1,1,Southampton,F
41.778,True,C,13.717,3,female,0,1,Cherbourg,F
1.177,False,S,18.411,2,male,0,1,Southampton,F
32.374,False,C,6.472,3,male,1,0,Cherbourg,E
48.201,True,C,55.824,1,male,0,0,Cherbourg,B
33.989,False,S,52.943,1,female,0,1,Southampton,D
18.101,True,S,73.788,1,female,0,1,Southampton,C
3.584,True,Q,28.016,3,male,0,0,Queenstown,F
1.215,True,S,39.108,3,male,1,1,Southampton,G
16.03,True,S,5.989,3,male,0,0,Southampton,F
21.011,True,S,7.375,3,male,0,1,Southampton,G
23.45,True,S,7.278,3,female,0,1,Southampton,E
20.494,True,S,7.447,3,male,0,0,Southampton,F
21.394,False,S,7.353,3,male,0,0,Southampton,G
23.739,True,S,21.671,3,male,1,0,Southampton,G
32.34,True,S,54.022,3,male,0,0,Southampton,F
16.113,True,S,6.088,3,male,0,0,Southampton,F
46.409,False,C,112.209,1,male,0,1,Cherbourg,C
51.656,True,S,7.471,3,male,0,0,Southampton,G
17.938,True,S,8.91,3,male,0,0,Southampton,G
66.411,True,,10.5,2,male,0,0,,F
26.853,True,S,7.037,3,male,0,0,Southampton,G
30.428,True,S,21.563,3,male,0,0,Southampton,E
29.066,True,S,8.137,3,female,1,1,Southampton,F
41.712,False,,0.629,2,male,0,0,,F
18.258,True,Q,6.807,3,female,0,0,Queenstown,E
27.625,False,S,25.936,1,male,0,1,Southampton,C
51.875,False,S,27.781,1,male,0,0,Southampton,C
53.35,False,C,63.554,1,male,1,1,Cherbourg,A
31.123,True,S,71.019,2,male,0,0,Southampton,E
31.139,True,Q,6.557,3,male,1,0,Queenstown,F
21.737,False,C,86.443,1,female,0,1,Cherbourg,D
36.142,True,,3.178,1,male,0,1,,B
37.282,True,S,53.266,1,male,2,0,Southampton,C
31.988,True,C,79.227,1,female,1,1,Cherbourg,D
3.785,False,S,148.105,1,male,3,1,Southampton,B
37.27,False,S,30.261,3,female,0,1,Southampton,F
47.086,False,C,14.341,3,female,1,0,Cherbourg,E
2.58,False,Q,27.998,3,male,4,0,Queenstown,F
22.315,True,S,11.608,2,male,0,0,Southampton,D
45.648,False,,7.869,3,female,1,0,,F
36.364,False,S,105.874,1,male,0,0,Southampton,C
16.77,True,S,20.32,3,male,0,0,Southampton,G
22.805,True,S,7.279,3,female,0,1,Southampton,F
54.961,False,C,76.685,1,female,1,1,Cherbourg,E
22.824,True,S,11.716,2,male,0,0,Southampton,F
42.1,True,S,6.542,3,male,0,0,Southampton,F
37.737,True,S,25.253,2,male,0,0,Southampton,D
7.971,False,S,46.828,3,male,0,0,Southampton,F
52.373,True,S,7.908,3,male,0,0,Southampton,F
3.488,False,S,16.537,3,female,0,1,Southampton,F
38.022,True,C,138.021,1,female,0,1,Cherbourg,B
31.642,True,S,9.033,3,male,0,0,Southampton,F
51.044,False,S,7.868,3,male,0,0,Southampton,F
33.516,True,S,13.223,2,female,0,1,Southampton,F
41.225,False,S,45.028,3,female,0,0,Southampton,E
33.482,True,S,13.513,2,female,0,1,Southampton,F
21.181,False,C,15.346,2,male,0,0,Cherbourg,F
21.44,True,S,73.396,2,male,0,0,Southampton,F
16.435,True,Q,6.066,3,male,0,0,Queenstown,G
49.805,False,S,92.924,1,female,0,1,Southampton,C
36.146,False,S,8.776,3,male,0,0,Southampton,F
61.763,True,Q,7.635,3,male,0,0,Queenstown,F
22.576,False,C,126.021,1,male,0,0,Cherbourg,B
22.485,True,C,13.808,2,female,0,1,Cherbourg,F
32.79,True,S,6.552,3,male,1,0,Southampton,G
30.58,True,C,108.124,1,female,0,1,Cherbourg,C
41.431,False,C,66.877,1,female,1,1,Cherbourg,C
61.866,True,,10.5,2,male,0,1,,E
21.666,True,S,21.294,3,male,0,0,Southampton,E
28.578,True,S,7.895,3,female,0,0,Southampton,E
52.647,True,S,7.89,3,male,0,0,Southampton,G
49.259,True,C,28.594,1,female,1,0,Cherbourg,D
3.094,False,S,31.922,3,male,1,0,Southampton,F
21.942,False,S,13.09,2,male,0,0,Southampton,E
63.647,True,S,26.377,1,male,0,0,Southampton,C
21.817,True,S,7.38,3,male,0,1,Southampton,F
33.268,True,S,9.019,3,male,0,1,Southampton,G
45.752,False,,32.648,1,female,1,1,,D
19.984,False,C,100.788,1,male,0,1,Cherbourg,C
42.513,False,C,137.389,1,female,0,1,Cherbourg,B
15.054,True,C,6.069,3,male,0,0,Cherbourg,G
26.152,True,S,7.014,3,male,0,0,Southampton,G
26.41,False,S,77.0,1,female,1,0,Southampton,E
21.683,True,S,7.479,3,male,0,0,Southampton,F
21.002,False,S,14.324,3,male,1,0,Southampton,F
21.428,True,S,21.334,3,male,0,0,Southampton,G
27.172,True,S,7.101,3,male,0,0,Southampton,G
19.513,True,S,25.267,2,female,1,1,Southampton,E
33.095,False,Q,8.394,3,female,0,1,Queenstown,F
13.169,True,,29.121,2,female,1,1,,F
18.878,True,C,250.878,1,female,0,1,Cherbourg,B
50.963,True,Q,7.471,3,male,0,0,Queenstown,F
29.531,False,Q,7.977,3,female,0,1,Queenstown,F
1.734,False,S,38.811,2,female,4,1,Southampton,F
54.471,True,S,78.716,1,male,0,0,Southampton,C
26.565,True,S,54.025,3,male,0,0,Southampton,E
47.458,True,,0.399,3,male,0,0,,F
27.277,True,S,13.25,3,male,0,0,Southampton,F
42.224,True,S,33.022,1,male,8,1,Southampton,D
28.189,True,S,8.124,3,female,0,0,Southampton,G
31.532,False,S,11.276,2,male,0,0,Southampton,F
41.96,True,S,6.779,3,male,0,0,Southampton,F
41.265,False,S,66.496,3,male,0,0,Southampton,F
21.343,True,S,7.319,3,male,0,0,Southampton,E
21.25,True,S,11.439,2,male,0,0,Southampton,F
27.464,True,S,6.995,3,male,1,1,Southampton,F
25.959,False,S,54.276,3,male,0,0,Southampton,G
16.1,True,Q,5.973,3,male,1,0,Queenstown,F
21.474,True,S,8.239,3,male,0,0,Southampton,G
1.111,False,,15.057,2,male,1,1,,F
16.023,True,S,8.773,3,male,0,0,Southampton,E
34.567,False,S,66.513,3,female,0,1,Southampton,F
28.124,False,S,8.249,3,female,1,0,Southampton,F
26.799,False,S,7.068,3,male,1,0,Southampton,F
6.426,False,C,21.227,3,male,5,0,Cherbourg,G
26.683,True,S,9.417,3,male,0,1,Southampton,G
15.324,True,S,54.024,3,male,0,0,Southampton,G
28.468,True,Q,12.098,2,female,0,1,Queenstown,F
37.65,True,S,27.042,2,male,0,0,Southampton,E
35.26,False,S,12.836,2,female,1,1,Southampton,F
78.184,True,,30.0,1,male,0,1,,D
57.573,True,S,7.923,3,male,0,0,Southampton,F
2.187,False,S,148.172,1,male,1,1,Southampton,A
32.338,True,S,8.86,3,male,1,0,Southampton,E
26.359,False,S,66.542,3,male,0,0,Southampton,G
25.175,True,C,27.005,1,male,1,0,Cherbourg,C
62.742,True,C,61.574,1,male,0,0,Cherbourg,D
37.062,True,S,78.74,1,male,0,0,Southampton,B
25.517,False,S,12.562,2,female,0,1,Southampton,E
21.164,True,S,7.417,3,male,0,0,Southampton,G
6.047,False,Q,29.28,3,male,4,1,Queenstown,G
18.347,True,S,6.86,3,female,1,1,Southampton,E
21.545,True,S,7.469,3,male,0,0,Southampton,E
21.627,True,S,55.993,3,male,0,0,Southampton,F
61.02,False,S,26.112,1,male,1,0,Southampton,C
26.502,True,S,8.614,3,female,0,1,Southampton,F
19.215,True,C,253.366,1,female,2,1,Cherbourg,E
37.351,False,S,29.507,1,male,0,1,Southampton,E
21.216,True,C,44.07,2,male,0,0,Cherbourg,D
35.476,False,S,8.135,3,male,1,0,Southampton,F
30.158,False,Q,7.799,3,female,1,1,Queenstown,F
42.505,False,S,45.25,3,female,0,0,Southampton,G
36.477,True,S,52.961,1,male,0,1,Southampton,B
28.6,False,C,27.0,2,male,0,0,Cherbourg,F
55.002,True,C,26.757,1,male,1,0,Cherbourg,C
31.391,True,S,6.545,3,male,0,0,Southampton,G
16.895,True,C,15.086,3,male,0,0,Cherbourg,G
22.167,False,S,7.267,3,female,0,1,Southampton,G
21.008,False,C,70.848,1,male,0,0,Cherbourg,B
16.273,True,S,6.034,3,male,0,0,Southampton,G
61.654,True,S,26.067,1,male,0,0,Southampton,D
12.502,False,C,12.832,3,male,0,0,Cherbourg,G
31.553,True,S,10.647,2,male,0,0,Southampton,D
21.619,True,C,7.412,3,male,0,1,Cherbourg,E
23.165,False,S,7.436,3,male,0,0,Southampton,G
16.661,True,S,5.958,3,male,1,0,Southampton,F
22.085,True,S,7.709,3,male,0,0,Southampton,F
32.177,True,S,29.421,1,male,0,0,Southampton,D
16.302,True,C,14.941,3,male,0,0,Cherbourg,F
21.012,True,C,7.454,3,male,0,0,Cherbourg,G
29.683,True,S,25.547,2,female,1,1,Southampton,F
24.208,True,S,25.892,2,female,0,0,Southampton,D
6.511,False,S,27.959,3,male,4,1,Southampton,F
1.19,False,S,38.387,2,male,0,1,Southampton,D
30.952,True,S,8.994,3,male,0,1,Southampton,G
39.912,False,S,9.618,3,female,0,0,Southampton,F
36.527,True,S,7.019,3,male,0,0,Southampton,F
21.682,True,S,14.536,2,male,1,0,Southampton,F
23.926,False,S,9.243,3,female,0,0,Southampton,F
22.869,True,S,9.107,3,female,1,0,Southampton,F
23.061,False,S,7.367,3,male,0,0,Southampton,F
31.841,True,S,10.585,2,male,0,0,Southampton,F
37.382,True,S,78.248,1,male,0,0,Southampton,B
33.452,False,C,489.617,1,female,1,1,Cherbourg,D
23.744,True,S,73.111,1,male,0,0,Southampton,C
33.69,True,S,97.212,1,female,3,1,Southampton,D
17.213,True,S,5.946,3,male,0,0,Southampton,F
26.958,True,C,7.095,3,male,0,1,Cherbourg,E
41.556,True,S,6.526,3,male,0,0,Southampton,G
16.843,True,S,14.649,3,male,1,0,Southampton,F
22.651,True,S,14.653,2,male,0,0,Southampton,F
43.233,False,S,66.446,3,male,1,0,Southampton,G
27.776,False,S,53.228,1,female,0,1,Southampton,E
34.516,True,S,8.99,3,male,1,0,Southampton,F
7.762,False,,36.75,2,male,4,1,,F
29.786,False,S,12.96,2,female,1,1,Southampton,F
7.302,False,S,30.85,3,female,1,0,Southampton,G
17.219,False,S,28.666,1,female,0,1,Southampton,B
30.996,False,S,20.105,2,male,0,0,Southampton,F
31.989,True,S,30.651,1,male,2,1,Southampton,C
22.336,True,C,19.513,3,female,0,1,Cherbourg,F
21.185,True,S,7.343,3,male,0,0,Southampton,F
32.124,True,S,14.043,3,male,0,0,Southampton,G
44.453,False,S,66.831,3,female,0,0,Southampton,F
50.056,True,S,12.622,2,male,0,0,Southampton,D
16.986,False,S,5.933,3,male,0,0,Southampton,F
19.111,False,Q,6.825,3,female,0,1,Queenstown,G
34.99,True,C,76.073,1,female,0,1,Cherbourg,B
1.506,False,S,11.63,3,female,4,0,Southampton,E
31.658,False,S,10.602,2,male,0,0,Southampton,E
36.203,True,S,37.892,2,female,1,1,Southampton,D
20.681,True,S,7.338,3,male,0,0,Southampton,G
1.78,False,Q,27.822,3,male,4,0,Queenstown,F
1.46,False,S,7.833,3,male,0,1,Southampton,E
26.07,False,Q,7.068,3,male,2,0,Queenstown,E
18.304,True,S,11.161,2,male,0,0,Southampton,F
1.915,False,S,25.71,2,male,1,1,Southampton,F
17.384,True,Q,5.801,3,male,0,1,Queenstown,F
18.14,True,S,6.164,3,male,0,1,Southampton,E
56.97,True,C,26.998,1,male,0,1,Cherbourg,C
33.497,True,C,20.143,3,female,8,0,Cherbourg,F
28.963,True,,34.031,1,female,1,1,,A
21.141,True,S,10.004,3,female,0,1,Southampton,G
30.79,False,C,29.428,2,male,0,1,Cherbourg,D
20.892,True,S,7.38,3,male,0,0,Southampton,F
18.609,False,C,253.149,1,female,1,1,Cherbourg,D
31.014,False,Q,7.327,3,male,0,0,Queenstown,G
27.565,True,S,7.067,3,male,0,0,Southampton,F
21.546,True,C,7.399,3,male,0,1,Cherbourg,E
46.435,True,S,46.862,1,male,0,0,Southampton,B
28.997,True,Q,8.445,3,female,1,0,Queenstown,G
31.03,True,S,14.032,3,male,0,0,Southampton,E
16.24,True,,0.313,3,male,0,0,,G
3.664,True,S,19.536,3,male,1,1,Southampton,F
29.871,True,C,51.472,1,female,0,1,Cherbourg,D
33.696,True,S,11.217,2,male,0,0,Southampton,D
22.855,False,S,7.423,3,male,2,0,Southampton,G
11.595,False,S,46.855,3,male,5,0,Southampton,F
15.285,True,S,5.954,3,male,1,0,Southampton,F
27.858,True,S,10.893,3,female,1,1,Southampton,G
16.495,True,C,13.21,3,female,0,1,Cherbourg,G
22.409,True,S,8.342,3,female,3,1,Southampton,E
33.536,False,S,69.448,3,female,3,0,Southampton,G
21.561,True,S,7.42,3,male,0,0,Southampton,F
41.589,True,S,6.777,3,male,0,1,Southampton,E
5.592,False,S,28.316,3,female,4,0,Southampton,G
8.314,False,,26.261,2,female,0,1,,E
18.012,True,S,12.455,2,male,0,0,Southampton,D
35.462,True,Q,8.02,3,female,1,1,Queenstown,E
17.091,True,S,5.932,3,male,0,0,Southampton,F
8.14,False,S,31.491,3,female,0,0,Southampton,E
26.448,True,S,20.432,2,male,0,0,Southampton,F
22.704,True,S,9.977,3,female,0,0,Southampton,G
31.869,True,C,14.183,2,male,1,0,Cherbourg,F
23.962,True,S,72.268,1,male,0,0,Southampton,D
31.99,False,C,29.647,2,male,1,0,Cherbourg,F
27.439,True,S,7.014,3,male,8,0,Southampton,G
61.384,True,S,26.539,1,male,0,0,Southampton,A
31.196,True,C,6.546,3,male,0,1,Cherbourg,E
21.526,True,Q,7.718,3,male,0,0,Queenstown,F
37.823,False,S,8.76,3,female,0,1,Southampton,G
45.007,True,S,158.221,1,female,1,1,Southampton,B
30.359,True,S,21.461,3,male,2,0,Southampton,E
27.655,True,Q,7.015,3,male,0,0,Queenstown,F
36.492,True,S,7.826,3,male,0,0,Southampton,F
29.425,False,S,10.333,3,female,1,0,Southampton,F
5.632,False,,26.576,2,female,4,1,,D
3.69,False,S,46.152,3,male,0,1,Southampton,E
42.004,False,S,6.607,3,male,1,0,Southampton,F
20.317,True,S,9.521,3,female,0,0,Southampton,E
16.03,True,S,5.99,3,male,0,0,Southampton,F
45.824,True,,26.295,1,female,1,1,,D
26.818,True,C,27.048,2,male,0,0,Cherbourg,F
49.422,False,S,25.971,2,female,0,1,Southampton,E
49.568,False,C,28.497,1,female,0,0,Cherbourg,C
14.606,True,C,11.26,3,female,0,1,Cherbourg,F
31.133,False,S,24.022,2,male,0,0,Southampton,F
31.299,False,S,10.582,2,male,0,1,Southampton,D
25.067,False,S,53.125,1,female,2,1,Southampton,D
29.34,False,S,87.962,1,female,0,1,Southampton,B
31.552,True,S,13.984,3,male,0,0,Southampton,E
21.426,True,C,54.127,1,male,0,1,Cherbourg,B
3.152,False,S,28.049,3,female,1,1,Southampton,E
16.936,True,,0.367,3,male,0,0,,E
37.196,True,S,7.884,3,male,1,0,Southampton,F
19.221,True,S,9.52,3,female,0,1,Southampton,G
2.018,False,S,26.698,2,male,1,1,Southampton,F
41.365,False,Q,9.438,3,female,0,0,Queenstown,F
41.883,False,S,26.993,2,male,1,0,Southampton,E
37.528,True,S,107.978,1,male,0,1,Southampton,B
23.195,False,S,29.366,2,female,0,1,Southampton,F
15.241,True,S,6.038,3,male,1,0,Southampton,E
36.729,True,Q,24.176,3,male,1,0,Queenstown,G
31.523,False,S,23.836,2,male,0,0,Southampton,E
27.288,True,S,7.01,3,male,0,1,Southampton,G
26.792,True,S,66.533,3,male,0,0,Southampton,E
62.187,True,S,15.783,3,female,0,1,Southampton,F
2.446,False,S,30.472,3,female,1,1,Southampton,F
33.771,False,S,74.667,1,female,3,1,Southampton,C
36.481,False,S,19.129,3,male,0,0,Southampton,E
19.165,False,S,12.858,2,female,0,1,Southampton,F
21.565,False,S,16.388,3,female,0,1,Southampton,G
6.303,False,S,34.233,3,female,3,0,Southampton,G
29.943,True,S,17.596,3,female,0,1,Southampton,F
46.164,False,S,35.982,1,male,2,0,Southampton,C
23.9,True,S,7.861,3,female,0,1,Southampton,E
1.118,False,C,8.428,3,male,3,0,Cherbourg,F
24.43,False,S,53.303,1,female,0,0,Southampton,E
22.472,True,S,7.397,3,male,0,0,Southampton,E
7.32,False,S,33.0,2,female,0,1,Southampton,E
37.056,False,S,8.27,3,male,1,0,Southampton,E
34.301,True,S,20.053,3,female,8,1,Southampton,E
51.051,True,S,25.34,2,male,1,0,Southampton,E
21.013,False,C,60.913,1,female,1,1,Cherbourg,C
61.914,True,S,26.451,1,male,0,0,Southampton,C
18.091,False,C,260.709,1,female,0,1,Cherbourg,D
22.476,True,S,7.344,3,male,0,0,Southampton,G
45.547,True,,13.012,2,male,0,0,,E
36.731,True,C,219.182,1,female,0,1,Cherbourg,B
41.64,False,Q,8.426,3,female,0,0,Queenstown,E
21.287,True,S,7.408,3,male,0,1,Southampton,F
24.919,False,S,70.791,1,male,0,1,Southampton,C
40.635,True,S,26.988,2,male,0,0,Southampton,E
28.566,True,S,7.013,3,male,0,0,Southampton,G
40.985,False,S,27.6,1,male,0,0,Southampton,C
41.921,False,S,26.291,1,male,0,1,Southampton,C
25.039,True,S,7.095,3,male,0,0,Southampton,E
18.615,True,C,96.562,1,female,0,1,Cherbourg,C
23.057,True,,241.763,1,male,0,0,,C
36.575,False,C,29.982,1,male,1,0,Cherbourg,E
47.245,True,C,7.594,3,male,2,0,Cherbourg,G
30.132,True,S,17.637,3,female,0,0,Southampton,F
37.882,False,S,8.526,3,female,0,0,Southampton,G
51.38,True,S,27.774,1,male,0,0,Southampton,C
22.424,True,S,11.467,2,male,0,0,Southampton,D
46.407,False,,10.753,3,female,0,0,,G
16.333,True,Q,5.946,3,male,0,0,Queenstown,G
15.002,False,Q,7.252,3,female,0,0,Queenstown,G
22.045,False,C,19.112,3,female,0,0,Cherbourg,G
15.682,True,C,11.565,3,female,0,0,Cherbourg,G
20.297,False,S,23.68,2,female,1,1,Southampton,F
20.01,True,C,7.995,3,male,0,0,Cherbourg,G
36.595,True,C,27.613,1,male,0,0,Cherbourg,C
41.398,False,,0.025,2,male,0,0,,F
32.296,True,S,23.139,2,male,0,0,Southampton,E
26.878,False,S,52.011,1,female,0,1,Southampton,B
51.765,True,S,75.796,1,male,1,0,Southampton,C
72.406,True,C,35.396,1,male,0,0,Cherbourg,E
21.257,True,C,40.986,2,male,0,0,Cherbourg,F
26.216,True,C,7.093,3,male,0,0,Cherbourg,F
20.717,True,C,72.154,1,male,0,0,Cherbourg,E
27.093,True,C,7.097,3,male,0,0,Cherbourg,F
40.94,True,S,54.544,1,male,0,0,Southampton,B
33.347,True,S,26.054,2,female,1,1,Southampton,E
27.361,True,S,31.431,2,male,0,0,Southampton,E
15.304,False,,10.587,2,female,1,1,,F
27.11,True,C,7.058,3,male,0,0,Cherbourg,E
14.827,False,S,9.14,3,female,0,0,Southampton,F
16.159,True,S,6.493,3,male,0,0,Southampton,F
46.268,False,S,158.348,1,female,0,1,Southampton,E
16.346,False,S,29.395,2,male,0,0,Southampton,D
41.666,False,S,26.97,2,male,0,0,Southampton,D
1.01,False,S,8.37,3,male,3,0,Southampton,F
62.104,True,S,26.283,1,male,0,0,Southampton,B
17.842,True,S,6.053,3,male,0,0,Southampton,E
13.987,False,Q,7.259,3,female,1,1,Queenstown,E
27.981,True,S,7.767,3,female,1,0,Southampton,G
17.853,True,S,6.442,3,male,0,0,Southampton,G
26.98,False,S,7.062,3,male,0,0,Southampton,G
46.959,True,S,15.589,2,male,0,0,Southampton,E
16.86,False,Q,7.269,3,female,0,1,Queenstown,F
27.23,True,S,13.236,3,male,0,0,Southampton,E
17.948,True,S,84.97,1,female,0,1,Southampton,C
21.355,True,Q,8.117,3,female,0,1,Queenstown,G
5.989,False,S,14.577,3,male,2,0,Southampton,F
28.068,True,S,205.327,1,female,1,1,Southampton,B
16.748,True,S,7.972,2,male,0,0,Southampton,D
14.857,False,S,204.006,1,female,5,1,Southampton,D
30.208,True,S,6.559,3,male,0,0,Southampton,F
32.058,True,,27.537,2,male,0,1,,D
22.629,False,S,60.472,1,female,0,1,Southampton,D
31.811,True,S,6.486,3,male,0,0,Southampton,F
4.14,False,,151.55,1,female,1,0,,B
27.129,False,S,11.139,2,male,0,0,Southampton,D
27.796,True,Q,7.991,3,female,1,0,Queenstown,E
3.726,False,S,40.118,3,male,0,0,Southampton,G
26.289,False,S,7.002,3,male,0,0,Southampton,E
42.825,False,S,6.867,3,male,2,0,Southampton,G
2.039,False,S,10.925,3,female,1,0,Southampton,G
23.611,True,S,7.337,3,male,0,0,Southampton,F
40.382,True,S,26.28,2,male,0,0,Southampton,D
57.112,True,S,37.706,2,male,0,0,Southampton,F
46.181,True,C,76.15,1,male,0,1,Cherbourg,D
16.875,False,S,8.884,3,male,0,0,Southampton,F
26.034,True,C,13.236,3,male,0,0,Cherbourg,G
56.023,True,,28.781,1,female,0,1,,D
53.322,False,C,57.884,1,female,2,1,Cherbourg,B
14.817,False,S,58.992,1,female,0,1,Southampton,A
21.389,True,S,7.394,3,male,0,0,Southampton,F
11.452,False,S,7.762,3,male,0,0,Southampton,G
15.253,True,S,5.994,3,male,0,0,Southampton,F
61.672,False,S,26.415,1,male,0,0,Southampton,D
61.443,False,S,26.032,1,male,0,0,Southampton,C
36.626,False,S,26.734,1,male,1,0,Southampton,C
25.966,True,C,26.148,1,male,0,0,Cherbourg,C
41.913,False,S,80.762,1,male,0,1,Southampton,C
1.96,False,S,9.043,3,male,4,1,Southampton,G
18.989,False,,11.248,2,female,1,1,,F
33.333,False,C,493.07,1,female,8,1,Cherbourg,C
70.541,True,,48.76,1,male,0,0,,E
41.028,False,,0.639,2,male,0,0,,D
7.434,False,S,31.357,3,female,0,0,Southampton,E
21.587,True,S,11.608,2,male,0,0,Southampton,F
17.914,True,S,9.24,3,male,0,0,Southampton,F
25.495,False,S,29.136,2,female,1,1,Southampton,E
60.447,False,,79.902,1,female,0,1,,C
37.535,False,Q,7.268,3,male,0,0,Queenstown,G
21.939,False,C,62.56,1,male,0,0,Cherbourg,B
37.916,True,,11.248,2,male,0,0,,F
31.401,False,S,11.581,2,male,0,0,Southampton,E
29.427,True,S,13.614,2,female,0,1,Southampton,E
22.736,False,S,7.417,3,male,0,0,Southampton,F
36.259,False,S,26.898,3,male,1,0,Southampton,F
32.122,True,S,11.263,2,male,0,0,Southampton,D
35.142,False,C,489.388,1,female,1,1,Cherbourg,B
47.437,True,S,7.589,3,male,0,0,Southampton,G
6.278,False,S,39.627,3,male,4,0,Southampton,E
2.277,False,C,19.842,3,female,1,0,Cherbourg,F
47.002,False,S,36.251,1,male,2,1,Southampton,E
31.335,False,S,25.612,2,female,0,1,Southampton,E
47.016,True,S,8.938,3,male,1,0,Southampton,G
32.588,True,S,8.845,3,male,1,0,Southampton,F
26.522,True,C,6.983,3,male,0,0,Cherbourg,F
17.473,True,S,20.164,3,male,1,0,Southampton,F
22.195,False,S,13.064,2,female,0,1,Southampton,E
36.295,True,S,25.914,2,male,2,0,Southampton,E
15.993,True,S,6.696,3,male,0,0,Southampton,G
34.113,False,S,53.254,1,female,0,1,Southampton,D
21.723,False,S,11.626,2,male,0,0,Southampton,F
37.784,True,Q,15.297,3,male,1,0,Queenstown,E
37.446,False,C,82.816,1,female,1,1,Cherbourg,D
57.837,True,S,13.675,2,male,1,0,Southampton,F
2.083,False,C,13.593,3,female,1,1,Cherbourg,G
42.136,False,C,14.345,3,female,0,0,Cherbourg,F
16.97,False,S,8.999,3,male,0,0,Southampton,F
16.573,True,S,9.479,3,male,0,0,Southampton,G
7.887,False,S,30.49,3,male,5,1,Southampton,F
15.595,False,S,203.961,1,female,1,1,Southampton,B
23.691,True,S,7.438,3,male,0,0,Southampton,G
56.914,True,C,76.809,1,male,0,0,Cherbourg,D
22.302,True,C,7.473,3,male,0,0,Cherbourg,G
67.173,False,,71.0,1,male,0,0,,D
16.707,True,S,6.055,3,male,0,0,Southampton,F
41.853,True,Q,89.957,1,male,2,0,Queenstown,B
36.854,True,S,24.695,3,male,0,1,Southampton,F
36.306,True,,6.047,1,male,0,0,,D
54.486,False,,56.213,1,female,0,1,,D
43.807,True,Q,23.094,3,male,0,0,Queenstown,F
36.474,False,S,9.806,3,male,0,0,Southampton,G
29.578,True,C,51.89,1,female,0,1,Cherbourg,A
26.534,True,C,204.707,1,male,0,0,Cherbourg,C
15.233,True,S,5.988,3,male,0,0,Southampton,F
21.774,True,C,63.209,1,female,0,1,Cherbourg,C
31.531,False,C,6.466,1,male,1,0,Cherbourg,B
50.144,True,,10.52,2,female,1,1,,E
34.269,True,S,11.588,2,male,0,0,Southampton,E
26.214,True,S,13.314,3,male,0,0,Southampton,F
32.172,False,S,23.184,2,male,0,0,Southampton,E
25.585,True,S,8.061,3,female,1,1,Southampton,E
52.31,True,S,8.302,3,male,1,0,Southampton,F
7.792,False,S,13.792,3,male,1,0,Southampton,F
52.602,False,S,13.942,2,male,0,0,Southampton,D
26.619,True,S,7.079,3,male,0,0,Southampton,F
31.109,True,S,20.718,2,male,0,0,Southampton,D
25.978,False,S,13.294,3,male,1,0,Southampton,E
46.609,False,S,47.055,1,male,1,1,Southampton,B
36.61,False,Q,7.007,3,male,0,0,Queenstown,F
3.484,False,S,18.789,2,male,1,1,Southampton,F
37.983,True,S,26.997,2,male,0,0,Southampton,E
17.294,True,S,5.983,3,male,0,0,Southampton,G
21.405,False,S,75.918,1,male,0,0,Southampton,E
35.541,True,C,76.574,1,female,1,1,Cherbourg,C
27.431,True,S,7.02,3,male,0,0,Southampton,E
21.058,True,S,28.112,1,male,0,0,Southampton,E
61.011,False,S,26.424,1,male,1,0,Southampton,C
27.478,True,S,7.036,3,male,0,0,Southampton,G
71.885,True,S,7.78,3,male,0,0,Southampton,E
20.939,True,S,7.379,3,male,0,0,Southampton,F
26.561,False,S,7.019,3,male,0,0,Southampton,G
33.259,False,S,75.08,1,female,1,1,Southampton,D
32.015,True,S,6.497,3,male,0,0,Southampton,G
46.219,False,S,34.456,1,male,0,0,Southampton,B
27.432,False,C,28.814,1,male,0,0,Cherbourg,E
22.469,True,C,19.095,3,female,0,1,Cherbourg,F
18.768,False,S,6.818,3,female,0,1,Southampton,F
16.737,True,,0.588,2,male,0,0,,E
17.079,False,C,250.643,1,female,1,1,Cherbourg,D
19.503,True,S,17.984,3,female,0,1,Southampton,F
55.208,True,C,29.395,1,male,0,0,Cherbourg,D
6.471,False,S,14.13,3,male,1,0,Southampton,F
21.713,False,,236.525,1,male,0,1,,E
16.861,True,S,8.072,2,male,0,0,Southampton,D
18.082,False,S,17.839,3,female,0,1,Southampton,G
47.719,False,C,108.153,1,male,0,1,Cherbourg,C
27.431,True,S,53.915,3,male,0,0,Southampton,F
21.676,False,S,27.75,2,male,1,0,Southampton,F
2.377,False,S,31.232,3,female,0,1,Southampton,G
57.294,False,C,26.801,1,male,0,1,Cherbourg,C
17.801,True,S,11.417,2,male,0,0,Southampton,D
37.113,True,S,25.904,2,male,1,0,Southampton,E
26.444,True,C,23.713,2,male,0,0,Cherbourg,E
33.086,True,S,6.443,3,male,1,0,Southampton,F
32.957,True,S,26.692,2,female,0,1,Southampton,E
36.513,True,Q,14.488,3,male,0,0,Queenstown,G
27.82,False,S,212.22,1,male,0,0,Southampton,B
18.9,True,S,8.167,3,female,1,1,Southampton,G
28.234,False,Q,12.623,2,female,0,1,Queenstown,F
28.83,True,S,26.232,2,female,0,1,Southampton,D
26.137,True,S,7.114,3,male,0,1,Southampton,G
16.304,True,Q,5.934,3,male,0,0,Queenstown,G
16.335,False,S,6.108,3,male,1,0,Southampton,G
32.485,True,S,18.978,3,male,0,0,Southampton,G
27.634,True,C,9.434,3,male,0,0,Cherbourg,E
16.05,True,S,6.006,3,male,0,0,Southampton,E
15.68,False,C,13.561,3,female,0,0,Cherbourg,E
17.862,True,S,5.944,3,male,1,0,Southampton,F
33.042,False,S,19.959,3,female,1,1,Southampton,G
15.955,True,Q,6.069,3,male,0,1,Queenstown,F
16.199,True,S,54.712,3,male,0,0,Southampton,F
40.674,False,S,6.872,3,male,1,0,Southampton,E
